ncategories,4,,,,,,,,,,
ncriteria,10,,,,,,,,,,
,,,,,,,,,,,
pt,c1,c2,c3,c4,c5,c6,c7,c8,c9,c10,assign
a1,2,1,1,2,1,1,2,2,1,1,1
a2,1,2,3,3,2,1,3,1,3,3,4
a3,3,3,2,1,2,2,3,3,3,3,4
a4,2,3,4,2,4,2,2,2,1,2,4
a5,1,2,1,2,2,2,2,1,1,2,2
a6,2,2,3,2,4,2,2,2,2,1,3
a7,2,2,2,2,2,1,2,2,2,1,3
a8,1,3,3,1,4,2,1,1,2,3,3
a9,2,2,1,1,3,1,1,3,1,1,2
a10,3,3,3,2,1,1,2,2,3,2,3
a11,3,2,2,2,4,1,3,1,2,3,2
a12,2,1,2,2,3,1,2,2,3,1,3
a13,2,1,1,3,3,1,2,2,2,2,2
a14,2,3,3,2,2,2,1,3,2,3,3
a15,3,3,3,2,1,1,2,2,3,2,3
a16,3,2,2,1,2,2,2,2,1,3,3
a17,2,1,2,2,3,1,2,2,3,1,2
a18,2,1,3,3,4,2,2,2,3,2,3
a19,2,3,2,1,2,2,2,2,2,3,4
a20,2,3,4,3,2,2,2,3,3,2,4
a21,2,1,1,2,1,1,2,2,1,1,2
a22,3,2,3,2,2,1,2,3,3,3,4
a23,2,3,3,1,1,2,3,2,1,1,3
a24,3,3,4,3,2,1,3,2,3,2,3
a25,3,2,2,1,1,2,3,1,1,3,3
a26,3,3,3,2,4,2,2,2,3,1,4
a27,1,2,2,3,3,2,2,1,1,2,3
a28,2,2,2,2,2,1,2,2,2,1,2
a29,2,2,2,1,3,2,2,2,3,3,4
a30,3,3,2,2,2,1,2,2,2,1,2
a31,2,3,2,2,2,1,3,3,1,2,3
a32,2,3,4,2,2,1,3,2,3,2,3
a33,2,3,2,1,2,2,2,2,2,3,4
a34,1,3,3,1,4,2,1,1,2,3,2
a35,2,3,4,2,4,2,2,2,1,2,2
a36,1,3,3,1,4,2,1,1,2,3,3
a37,2,2,3,2,4,2,2,2,2,1,2
a38,1,3,1,3,2,1,1,1,3,2,4
a39,1,2,1,1,4,1,1,1,2,1,2
a40,1,3,1,3,2,2,1,2,1,3,1
a41,2,3,3,2,3,1,3,2,2,3,4
a42,2,2,1,1,1,1,2,2,1,3,2
a43,2,2,2,1,3,2,2,2,3,3,4
a44,2,2,1,1,1,2,2,3,1,1,3
a45,3,1,1,3,2,2,3,3,1,2,2
a46,2,2,1,3,3,1,3,2,1,2,3
a47,2,3,2,1,2,1,2,1,2,3,2
a48,2,2,3,2,4,2,2,2,2,1,4
a49,2,3,1,3,4,1,2,1,2,3,3
a50,1,1,2,2,1,2,1,2,2,2,2
a51,1,1,1,2,1,1,3,3,1,1,2
a52,3,2,1,3,3,1,1,3,3,2,2
a53,2,3,3,2,3,1,3,2,2,3,3
a54,2,3,3,2,3,1,3,2,2,3,4
a55,2,1,3,3,2,2,3,2,2,3,4
a56,1,3,1,2,3,1,2,2,2,2,3
a57,2,1,3,3,2,2,3,2,2,3,3
a58,3,1,1,3,2,2,3,3,1,2,2
a59,2,3,2,2,2,1,3,3,1,2,3
a60,2,3,4,3,2,2,2,3,3,2,4
a61,1,2,1,1,4,1,1,1,2,1,3
a62,2,3,2,2,2,1,3,2,2,1,2
a63,3,3,1,1,4,1,2,3,3,3,3
a64,2,3,4,2,4,2,2,2,1,2,4
a65,2,2,2,2,2,1,2,3,1,3,3
a66,3,3,2,3,2,1,2,2,2,2,3
a67,3,3,3,2,1,1,2,2,3,2,3
a68,2,2,1,3,2,2,1,3,1,1,3
a69,3,3,4,3,2,1,3,2,3,2,3
a70,1,2,1,1,1,1,1,1,1,1,2
a71,2,2,2,1,1,1,1,3,2,3,2
a72,2,2,2,1,1,1,1,3,2,3,2
a73,2,1,1,2,2,1,2,1,1,3,2
a74,3,2,3,2,2,1,2,3,3,3,3
a75,1,2,2,1,1,2,1,2,1,2,2
a76,2,1,1,3,3,1,2,2,2,2,2
a77,2,3,4,2,2,1,3,2,3,2,3
a78,2,1,1,1,1,1,1,2,2,2,2
a79,2,3,2,3,3,2,1,1,2,1,2
a80,1,2,1,1,4,1,1,1,2,1,2
a81,3,3,3,2,1,1,2,2,3,2,3
a82,2,2,4,2,2,2,2,2,3,3,4
a83,2,1,3,3,4,2,2,2,3,2,3
a84,2,3,3,2,2,2,1,3,2,3,4
a85,1,2,2,3,1,1,1,2,2,2,3
a86,2,1,1,3,3,1,2,2,2,2,2
a87,1,3,3,2,2,1,2,3,2,1,3
a88,1,3,2,1,2,2,1,1,2,1,1
a89,2,3,4,1,3,2,2,1,2,2,2
a90,2,3,3,2,2,2,3,2,3,3,4
a91,1,3,2,1,2,2,1,1,2,1,2
a92,2,2,1,3,2,2,1,3,1,1,2
a93,1,2,1,2,1,1,1,3,1,1,2
a94,1,1,2,2,1,2,1,2,2,2,2
a95,2,1,3,3,4,2,2,2,3,2,2
a96,2,3,2,3,3,2,1,1,2,1,2
a97,2,3,3,1,1,2,1,3,2,2,3
a98,2,2,4,3,2,2,2,1,3,1,3
a99,2,3,2,2,2,1,3,3,1,2,2
a100,2,2,3,2,4,2,2,2,2,1,4
a101,2,1,2,3,2,2,2,3,3,2,4
a102,1,2,4,1,3,1,1,3,2,2,3
a103,1,3,4,1,4,2,1,3,1,1,3
a104,3,3,3,1,4,2,2,2,2,3,4
a105,1,2,1,2,2,2,2,1,1,2,1
a106,2,3,2,2,2,1,3,2,2,1,3
a107,1,2,1,2,1,1,1,3,1,1,2
a108,3,3,2,3,2,1,2,2,2,2,3
a109,2,3,2,2,2,1,3,2,2,1,2
a110,2,3,4,2,2,1,3,2,3,2,3
a111,1,2,4,1,3,1,1,3,2,2,3
a112,2,1,2,2,3,1,2,2,3,1,3
a113,2,2,2,3,2,2,2,3,1,2,3
a114,1,2,2,3,3,2,2,1,1,2,4
a115,3,3,2,3,2,1,2,2,2,2,3
a116,2,2,2,1,3,2,2,2,3,3,4
a117,2,2,1,2,3,1,1,2,3,2,2
a118,1,3,1,3,2,1,1,1,3,2,3
a119,3,2,4,1,2,1,3,2,2,2,4
a120,1,3,1,3,1,1,1,3,2,2,2
a121,2,2,4,3,2,2,2,1,3,1,3
a122,3,3,3,3,3,1,1,2,3,3,3
a123,2,1,1,3,2,1,2,1,1,3,3
a124,2,2,2,2,2,1,2,3,1,3,2
a125,1,1,1,2,1,1,3,3,1,1,2
a126,1,1,2,3,3,2,2,3,1,3,4
a127,2,1,1,1,2,1,1,1,1,3,2
a128,3,3,3,2,4,2,2,2,3,1,4
a129,3,2,3,3,1,2,3,1,2,2,2
a130,1,1,2,1,1,1,2,2,1,2,3
a131,2,2,1,1,3,1,1,3,1,1,2
a132,2,2,3,1,1,2,2,2,1,3,3
a133,3,2,3,1,1,1,1,2,3,1,2
a134,3,3,4,3,3,2,2,2,3,3,4
a135,1,3,2,2,1,1,1,2,3,2,3
a136,2,3,3,1,1,2,1,3,2,2,3
a137,2,1,2,1,4,1,2,1,2,3,4
a138,2,3,3,2,3,1,3,2,2,3,3
a139,1,3,1,3,1,1,1,3,2,2,2
a140,1,3,1,3,2,1,1,1,3,2,2
a141,2,2,4,3,3,2,3,2,3,3,4
a142,2,3,2,2,2,1,3,3,1,2,2
a143,3,1,1,3,2,2,3,3,1,2,2
a144,3,3,3,3,3,1,1,2,3,3,4
a145,1,2,1,1,4,1,1,1,2,1,2
a146,3,3,2,1,2,2,3,3,3,3,4
a147,2,3,3,1,1,2,1,3,2,2,3
a148,2,1,1,3,1,1,3,3,3,1,2
a149,3,2,1,3,3,1,1,3,3,2,3
a150,2,2,1,1,3,1,1,3,1,1,3
a151,2,3,2,2,2,1,3,3,1,2,3
a152,2,3,3,1,1,2,1,3,2,2,3
a153,3,2,2,1,2,2,2,2,1,3,4
a154,2,2,1,2,3,1,2,2,2,1,2
a155,1,1,1,3,1,2,1,1,2,3,1
a156,2,2,2,3,2,2,2,3,1,2,3
a157,3,1,1,1,3,1,2,1,2,3,3
a158,2,3,2,2,2,1,3,2,2,1,3
a159,3,3,4,3,2,1,3,2,3,2,4
a160,3,1,1,3,2,2,3,3,1,2,3
a161,3,2,4,1,2,1,3,2,2,2,3
a162,2,1,1,1,2,1,1,1,2,1,1
a163,1,2,2,3,3,2,2,1,1,2,3
a164,1,3,3,2,4,1,1,3,3,3,4
a165,3,3,1,1,4,1,2,3,3,3,3
a166,2,3,3,2,3,1,3,2,2,3,3
a167,1,2,2,3,3,2,2,1,1,2,3
a168,2,2,2,1,3,2,2,2,3,3,3
a169,3,1,1,1,3,1,2,1,2,3,1
a170,3,3,3,2,4,2,2,2,3,1,4
a171,1,3,1,3,2,2,1,2,1,3,2
a172,2,3,4,2,2,1,3,2,3,2,4
a173,3,3,4,1,4,2,3,3,3,2,3
a174,3,1,1,3,2,2,3,3,1,2,2
a175,1,1,1,2,1,1,3,3,1,1,2
a176,2,2,3,1,1,2,2,2,1,3,2
a177,3,2,3,1,1,1,1,2,3,1,2
a178,2,1,2,3,2,2,2,3,3,2,3
a179,2,1,2,2,3,1,2,2,3,1,2
a180,1,3,4,1,3,2,3,1,1,3,3
a181,2,2,1,3,2,2,1,3,1,1,2
a182,1,3,1,3,1,1,1,3,2,2,2
a183,2,1,3,3,4,2,2,2,3,2,3
a184,2,3,4,3,2,2,2,3,3,2,3
a185,3,1,2,1,3,2,2,3,2,2,3
a186,1,2,4,1,3,1,1,3,2,2,3
a187,2,1,1,2,2,1,2,1,1,3,2
a188,2,1,3,3,4,2,2,2,3,2,3
a189,1,3,1,2,3,1,2,2,2,2,2
a190,3,3,2,1,2,2,3,3,3,3,2
a191,2,3,3,1,1,2,1,3,2,2,3
a192,1,3,4,1,3,2,3,1,1,3,3
a193,1,2,1,1,1,1,1,1,1,1,1
a194,1,3,2,1,2,2,1,1,2,1,2
a195,3,3,3,2,4,2,2,2,3,1,3
a196,1,1,2,3,3,2,2,3,1,3,3
a197,1,3,2,2,1,1,1,2,3,2,2
a198,1,3,1,1,1,1,1,2,3,3,1
a199,2,3,3,2,3,1,3,2,2,3,3
a200,3,2,2,3,2,1,1,2,3,3,3
a201,3,3,4,1,4,2,3,3,3,2,3
a202,2,3,4,2,2,1,3,2,3,2,3
a203,3,1,1,3,3,2,2,2,3,3,4
a204,2,2,3,2,2,2,2,2,2,3,3
a205,1,2,2,3,3,2,2,1,1,2,2
a206,2,2,3,2,2,2,2,2,2,3,4
a207,3,2,2,3,1,1,3,1,3,3,3
a208,1,2,2,2,2,1,3,1,2,1,3
a209,1,3,3,1,4,2,1,1,2,3,2
a210,3,3,4,3,4,2,3,3,3,3,3
a211,2,1,3,3,2,2,3,2,2,3,4
a212,3,2,2,1,1,2,3,1,1,3,1
a213,2,3,1,3,4,1,2,1,2,3,2
a214,3,1,1,1,3,1,2,1,2,3,3
a215,2,2,4,3,3,2,3,2,3,3,4
a216,3,1,1,1,3,1,2,1,2,3,2
a217,2,3,2,1,2,2,2,2,2,3,3
a218,1,1,2,1,1,1,2,2,1,2,2
a219,2,3,3,1,1,2,1,3,2,2,2
a220,2,3,2,1,2,2,2,2,2,3,4
a221,2,1,3,2,3,1,2,1,3,2,2
a222,1,3,2,2,1,1,1,2,3,2,2
a223,2,2,3,2,4,2,2,2,2,1,3
a224,3,2,3,1,1,1,1,2,3,1,3
a225,1,2,2,3,3,2,2,1,1,2,4
a226,3,2,1,2,3,2,1,3,1,1,3
a227,1,2,1,3,1,1,1,1,3,2,2
a228,2,2,3,2,4,2,2,2,2,1,3
a229,1,3,4,1,3,2,3,1,1,3,3
a230,1,3,1,3,2,1,1,1,3,2,2
a231,1,1,1,3,1,2,1,1,2,3,2
a232,2,2,3,2,4,2,2,2,2,1,3
a233,3,2,4,1,2,1,3,2,2,2,4
a234,3,3,2,2,2,1,2,2,2,1,3
a235,2,2,1,3,3,1,3,2,1,2,2
a236,1,2,2,3,3,2,2,1,1,2,2
a237,2,1,1,1,2,1,1,1,2,1,2
a238,2,1,3,3,4,2,2,2,3,2,4
a239,1,2,1,1,4,1,1,1,2,1,2
a240,1,3,4,3,3,2,2,3,1,3,3
a241,2,3,2,1,2,1,2,1,2,3,3
a242,3,2,2,1,2,2,2,2,1,3,2
a243,1,3,1,3,2,1,1,1,3,2,2
a244,2,1,1,2,1,1,2,2,1,1,2
a245,1,2,2,2,2,1,3,1,2,1,2
a246,1,2,2,1,1,2,1,2,1,2,2
a247,3,3,3,3,3,1,1,2,3,3,3
a248,1,1,2,1,1,1,2,2,1,2,2
a249,3,3,4,3,3,2,2,2,3,3,4
a250,2,3,2,3,3,2,1,1,2,1,2
a251,1,2,4,3,1,1,3,2,2,3,3
a252,2,3,4,2,2,1,3,2,3,2,3
a253,3,3,4,3,3,2,2,2,3,3,4
a254,2,3,4,2,4,2,2,2,1,2,4
a255,2,3,3,2,3,1,3,2,2,3,4
a256,2,1,2,1,4,1,2,1,2,3,4
a257,3,3,2,3,4,1,2,2,3,3,4
a258,2,1,3,3,2,2,3,2,2,3,3
a259,3,2,3,2,2,1,2,3,3,3,4
a260,1,1,2,1,1,1,2,2,1,2,2
a261,2,1,1,3,1,1,3,3,3,1,2
a262,1,3,2,1,2,2,1,1,2,1,3
a263,3,2,2,2,4,1,3,1,2,3,3
a264,1,3,4,3,3,2,2,3,1,3,4
a265,1,3,1,1,1,1,1,2,3,3,2
a266,2,1,1,2,2,1,2,1,1,3,2
a267,1,3,3,1,4,2,1,1,2,3,4
a268,3,3,4,1,4,2,3,3,3,2,4
a269,3,2,2,1,2,2,2,2,1,3,4
a270,3,2,1,2,3,2,1,3,1,1,3
a271,2,1,1,3,2,1,2,1,1,3,2
a272,2,2,2,2,2,1,2,2,2,1,2
a273,3,3,2,3,2,1,2,2,2,2,3
a274,2,3,3,1,1,2,1,3,2,2,2
a275,1,2,2,1,1,2,1,2,1,2,2
a276,2,1,1,3,3,1,2,2,2,2,2
a277,1,3,1,1,1,1,1,2,3,3,3
a278,1,2,1,3,1,1,1,1,3,2,2
a279,3,2,2,3,2,1,1,2,3,3,3
a280,3,2,4,1,2,1,3,2,2,2,4
a281,3,2,1,1,2,1,2,2,1,3,2
a282,3,1,2,1,3,2,2,3,2,2,3
a283,1,1,1,3,1,2,1,1,2,3,2
a284,3,3,2,3,2,1,2,2,2,2,2
a285,1,2,1,2,2,2,2,1,1,2,2
a286,2,2,1,2,3,1,2,2,2,1,3
a287,1,3,3,2,2,2,2,1,3,1,4
a288,3,2,3,3,1,2,3,1,2,2,3
a289,2,3,4,2,4,2,2,2,1,2,3
a290,1,2,2,1,1,2,1,2,1,2,2
a291,2,3,4,2,2,1,3,2,3,2,3
a292,2,1,3,2,3,1,2,1,3,2,3
a293,3,3,3,3,3,1,1,2,3,3,4
a294,3,3,2,2,2,1,2,2,2,1,3
a295,2,1,1,3,1,1,3,3,3,1,2
a296,1,2,2,3,3,2,2,1,1,2,2
a297,2,3,4,2,4,2,2,2,1,2,3
a298,3,3,3,2,1,1,2,2,3,2,3
a299,2,1,1,1,1,1,1,2,2,2,2
a300,3,2,3,1,1,1,1,2,3,1,3
a301,1,1,2,2,1,2,1,2,2,2,3
a302,3,2,1,3,3,1,1,3,3,2,2
a303,1,2,4,3,1,1,3,2,2,3,4
a304,2,3,3,1,1,2,3,2,1,1,2
a305,3,2,4,1,2,1,3,2,2,2,2
a306,2,2,3,1,1,2,2,2,1,3,3
a307,1,3,2,2,1,1,1,2,3,2,3
a308,1,2,2,1,1,2,1,2,1,2,3
a309,2,3,4,1,3,2,2,1,2,2,3
a310,1,3,3,2,4,1,1,3,3,3,3
a311,3,3,4,3,2,1,3,2,3,2,3
a312,2,2,1,2,3,1,1,2,3,2,2
a313,3,1,2,1,3,2,2,3,2,2,3
a314,2,3,2,1,2,1,2,1,2,3,3
a315,2,2,1,1,3,1,1,1,1,1,3
a316,1,2,3,3,2,1,3,1,3,3,4
a317,3,3,4,3,4,2,3,3,3,3,4
a318,1,1,2,2,1,2,1,2,2,2,2
a319,1,3,4,1,4,2,1,3,1,1,3
a320,2,2,2,1,3,2,2,2,3,3,4
a321,1,1,2,1,1,1,2,2,1,2,3
a322,1,2,1,3,1,1,1,1,3,2,2
a323,2,3,3,2,2,2,3,2,3,3,3
a324,3,2,2,1,1,2,3,1,1,3,1
a325,2,3,2,2,2,1,3,3,1,2,3
a326,2,2,4,2,2,2,2,2,3,3,4
a327,2,2,1,2,3,1,2,2,2,1,2
a328,3,3,3,2,4,2,2,2,3,1,3
a329,3,1,1,3,3,2,2,2,3,3,4
a330,3,3,2,3,4,1,2,2,3,3,4
a331,2,2,4,3,3,2,3,2,3,3,4
a332,3,3,3,2,1,1,2,2,3,2,2
a333,1,2,3,3,2,1,3,1,3,3,2
a334,2,3,3,1,1,2,3,2,1,1,2
a335,2,1,2,2,3,1,2,2,3,1,2
a336,1,3,3,2,4,1,1,3,3,3,3
a337,1,2,1,2,1,1,1,3,1,1,2
a338,2,1,2,3,2,2,2,3,3,2,3
a339,2,1,3,3,2,2,3,2,2,3,3
a340,3,3,2,3,4,1,2,2,3,3,4
a341,2,1,2,3,2,2,2,3,3,2,2
a342,3,2,2,3,2,1,1,2,3,3,4
a343,1,2,1,3,1,1,1,1,3,2,2
a344,2,2,4,2,2,2,2,2,3,3,4
a345,1,2,1,2,2,2,2,1,1,2,3
a346,2,2,2,2,2,1,2,3,1,3,3
a347,2,3,3,2,3,1,3,2,2,3,2
a348,1,3,3,1,4,2,1,1,2,3,2
a349,3,2,3,2,2,1,2,3,3,3,4
a350,3,2,3,1,1,1,1,2,3,1,3
a351,1,2,1,2,2,2,2,1,1,2,2
a352,3,3,4,3,4,1,3,2,3,3,4
a353,2,2,2,2,2,1,2,2,2,1,4
a354,2,3,2,1,2,2,2,2,2,3,3
a355,1,3,1,2,3,1,2,2,2,2,3
a356,2,2,1,2,3,1,2,2,2,1,3
a357,3,3,4,3,2,1,3,2,3,2,4
a358,2,2,4,3,3,2,3,2,3,3,4
a359,2,2,1,1,3,1,1,3,1,1,2
a360,2,1,2,2,3,1,2,2,3,1,4
a361,3,3,4,1,4,2,3,3,3,2,4
a362,3,2,2,3,2,1,1,2,3,3,3
a363,2,1,1,2,2,1,2,1,1,3,2
a364,3,2,1,2,3,2,1,3,1,1,2
a365,3,3,4,3,4,1,3,2,3,3,4
a366,1,3,4,1,3,2,3,1,1,3,4
a367,2,2,1,3,3,1,3,2,1,2,2
a368,3,3,3,2,1,1,3,3,1,1,3
a369,1,3,1,3,2,2,1,2,1,3,2
a370,3,1,1,3,3,2,2,2,3,3,2
a371,1,3,3,1,2,1,2,2,2,3,4
a372,1,3,4,1,3,2,3,1,1,3,3
a373,2,1,1,3,2,1,2,1,1,3,1
a374,1,1,1,2,1,1,3,3,1,1,2
a375,2,2,1,2,3,1,1,2,3,2,3
a376,2,3,3,1,1,2,3,2,1,1,3
a377,1,3,1,3,1,1,1,3,2,2,3
a378,2,3,3,1,1,2,1,3,2,2,3
a379,3,3,4,3,2,1,3,2,3,2,4
a380,2,1,1,2,1,1,2,2,1,1,2
a381,3,1,1,3,2,2,3,3,1,2,3
a382,3,3,2,2,2,1,2,2,2,1,3
a383,3,1,1,3,2,2,3,3,1,2,2
a384,1,2,4,3,1,1,3,2,2,3,4
a385,1,3,2,1,2,2,1,1,2,1,3
a386,3,3,2,3,4,2,2,3,2,3,4
a387,3,3,2,3,4,1,2,2,3,3,4
a388,2,3,4,1,3,2,2,1,2,2,4
a389,2,1,1,1,2,1,1,1,1,3,2
a390,2,2,2,1,4,2,1,3,1,2,3
a391,2,3,4,1,3,2,2,1,2,2,4
a392,3,1,1,1,3,1,2,1,2,3,2
a393,3,2,3,3,1,2,3,1,2,2,2
a394,2,1,2,1,4,1,2,1,2,3,3
a395,3,2,3,3,1,2,3,1,2,2,3
a396,2,2,3,2,2,2,2,2,2,3,2
a397,2,1,2,1,4,1,2,1,2,3,3
a398,1,1,2,2,1,2,1,2,2,2,2
a399,1,3,1,3,1,1,1,3,2,2,2
a400,3,2,1,1,2,1,2,2,1,3,2
a401,2,3,2,2,2,1,3,3,1,2,3
a402,1,3,3,2,2,2,2,1,3,1,3
a403,3,3,1,1,4,1,2,3,3,3,3
a404,3,2,4,1,2,1,3,2,2,2,3
a405,1,3,1,2,3,1,2,2,2,2,2
a406,3,2,2,3,1,1,3,1,3,3,4
a407,2,2,3,2,4,2,2,2,2,1,2
a408,1,2,3,3,2,1,3,1,3,3,3
a409,2,3,3,2,4,1,3,2,3,1,2
a410,2,2,4,3,3,2,3,2,3,3,4
a411,1,1,2,1,1,1,2,2,1,2,2
a412,2,1,1,3,1,1,3,3,3,1,2
a413,2,1,3,3,2,2,3,2,2,3,3
a414,2,2,2,1,3,2,2,2,3,3,3
a415,2,3,2,1,2,2,2,2,2,3,3
a416,3,3,4,1,4,2,3,3,3,2,4
a417,3,3,4,1,4,2,3,3,3,2,4
a418,3,2,1,3,3,1,1,3,3,2,3
a419,1,1,2,1,1,1,2,2,1,2,2
a420,1,2,1,2,2,2,2,1,1,2,3
a421,3,2,1,2,3,2,1,3,1,1,3
a422,2,2,1,3,2,2,1,3,1,1,3
a423,2,1,3,3,4,2,2,2,3,2,3
a424,1,3,4,1,3,2,3,1,1,3,3
a425,3,2,2,1,1,2,3,1,1,3,3
a426,2,3,2,2,2,1,3,2,2,1,3
a427,2,2,4,3,2,2,2,1,3,1,4
a428,2,1,3,2,3,1,2,1,3,2,3
a429,2,2,1,2,3,1,1,2,3,2,3
a430,3,3,2,3,2,1,2,2,2,2,2
a431,2,3,1,3,4,1,2,1,2,3,3
a432,1,3,2,1,2,2,1,1,2,1,2
a433,1,3,3,1,2,1,2,2,2,3,4
a434,3,2,2,3,1,1,3,1,3,3,2
a435,2,1,1,2,1,1,2,2,1,1,2
a436,1,2,1,3,1,1,1,1,3,2,2
a437,1,3,2,1,2,2,1,1,2,1,2
a438,3,3,3,1,4,2,2,2,2,3,3
a439,2,1,1,3,3,1,2,2,2,2,2
a440,2,3,4,2,2,1,3,2,3,2,2
a441,3,2,2,3,2,1,1,2,3,3,4
a442,3,3,1,1,4,1,2,3,3,3,4
a443,3,3,4,3,4,1,3,2,3,3,4
a444,2,2,2,2,2,1,2,3,1,3,4
a445,2,2,1,3,2,2,1,3,1,1,3
a446,2,2,1,1,1,2,2,3,1,1,2
a447,3,2,1,1,2,1,2,2,1,3,2
a448,1,3,1,3,1,1,1,3,2,2,2
a449,2,2,3,1,1,2,2,2,1,3,3
a450,3,3,3,2,4,2,2,2,3,1,4
a451,2,2,1,1,3,1,1,3,1,1,2
a452,3,2,4,1,2,1,3,2,2,2,3
a453,2,3,1,3,4,1,2,1,2,3,3
a454,2,2,1,3,3,1,3,2,1,2,2
a455,2,3,2,1,2,2,2,2,2,3,2
a456,1,2,4,1,3,1,1,3,2,2,3
a457,1,3,1,3,2,1,1,1,3,2,3
a458,3,3,3,2,1,1,3,3,1,1,2
a459,2,3,2,1,2,2,2,2,2,3,3
a460,2,1,1,3,3,1,2,2,2,2,2
a461,2,3,2,1,2,1,2,1,2,3,3
a462,3,2,3,3,1,2,3,1,2,2,3
a463,2,3,2,2,2,1,3,2,2,1,4
a464,1,1,2,3,3,2,2,3,1,3,3
a465,2,3,2,2,2,1,3,3,1,2,3
a466,2,1,1,3,3,1,2,2,2,2,2
a467,2,1,3,3,2,2,3,2,2,3,3
a468,2,2,3,2,2,2,2,2,2,3,4
a469,3,1,1,3,3,2,2,2,3,3,3
a470,2,1,1,2,2,1,2,1,1,3,2
a471,1,3,3,2,4,1,1,3,3,3,4
a472,2,2,1,1,3,1,1,3,1,1,2
a473,3,3,4,1,4,2,3,3,3,2,2
a474,3,2,1,1,2,1,2,2,1,3,2
a475,2,2,4,2,2,2,2,2,3,3,4
a476,3,1,1,2,3,2,2,1,3,1,2
a477,2,3,3,1,1,2,3,2,1,1,3
a478,2,2,3,2,2,2,2,2,2,3,2
a479,2,2,4,3,3,2,3,2,3,3,4
a480,2,3,1,3,4,1,2,1,2,3,4
a481,3,2,2,1,2,2,2,2,1,3,4
a482,2,3,1,3,4,1,2,1,2,3,3
a483,2,1,3,2,3,1,2,1,3,2,3
a484,2,2,1,1,1,1,2,2,1,3,2
a485,3,1,1,3,3,2,2,2,3,3,3
a486,1,1,1,2,1,1,3,3,1,1,2
a487,3,2,2,3,2,1,1,2,3,3,4
a488,2,2,4,3,2,2,2,1,3,1,3
a489,3,1,1,3,3,2,2,2,3,3,2
a490,1,3,1,3,1,1,1,3,2,2,3
a491,2,3,2,1,2,1,2,1,2,3,3
a492,2,1,1,1,1,1,1,2,2,2,2
a493,1,3,3,2,2,1,2,3,2,1,3
a494,3,3,4,3,4,2,3,3,3,3,4
a495,1,3,3,2,2,2,2,1,3,1,2
a496,1,3,2,1,2,2,1,1,2,1,1
a497,2,2,1,2,3,1,2,2,2,1,2
a498,1,3,1,2,3,1,2,2,2,2,3
a499,2,1,1,1,2,1,1,1,2,1,3
a500,2,2,2,1,4,2,1,3,1,2,4
a501,3,1,2,1,3,2,2,3,2,2,2
a502,2,2,1,1,1,2,2,3,1,1,3
a503,2,2,1,1,3,1,1,3,1,1,2
a504,2,3,2,1,2,2,2,2,2,3,4
a505,3,3,2,1,2,2,3,3,3,3,3
a506,3,2,1,2,3,2,1,3,1,1,2
a507,2,2,1,2,3,1,2,2,2,1,3
a508,2,2,2,1,4,2,1,3,1,2,3
a509,3,2,2,3,2,1,1,2,3,3,3
a510,2,2,2,3,2,2,2,3,1,2,3
a511,3,1,1,2,3,2,2,1,3,1,2
a512,2,3,3,1,1,2,1,3,2,2,2
a513,1,2,4,1,3,1,1,3,2,2,4
a514,1,3,1,3,1,1,1,3,2,2,2
a515,3,3,3,3,3,1,1,2,3,3,4
a516,3,1,1,1,3,1,2,1,2,3,3
a517,1,3,3,1,4,2,1,1,2,3,3
a518,1,2,2,3,3,2,2,1,1,2,3
a519,3,3,2,2,2,1,2,2,2,1,4
a520,1,2,1,3,1,1,1,1,3,2,2
a521,1,3,1,3,2,1,1,1,3,2,2
a522,1,3,3,1,4,2,1,1,2,3,4
a523,2,2,3,2,2,2,2,2,2,3,4
a524,1,3,1,3,1,1,1,3,2,2,2
a525,3,1,1,1,3,1,2,1,2,3,2
a526,3,3,2,3,4,2,2,3,2,3,4
a527,1,2,4,3,1,1,3,2,2,3,4
a528,2,3,4,2,2,1,3,2,3,2,3
a529,1,2,2,2,2,1,3,1,2,1,3
a530,2,3,3,1,1,2,3,2,1,1,3
a531,2,1,3,3,4,2,2,2,3,2,3
a532,2,1,2,3,2,2,2,3,3,2,3
a533,2,3,2,2,2,1,3,2,2,1,3
a534,3,2,4,1,2,1,3,2,2,2,3
a535,3,3,3,1,4,2,2,2,2,3,3
a536,3,3,4,1,4,2,3,3,3,2,3
a537,3,2,1,3,3,1,1,3,3,2,2
a538,3,3,2,1,2,2,3,3,3,3,3
a539,3,3,3,2,1,1,2,2,3,2,3
a540,3,3,2,3,4,2,2,3,2,3,3
a541,2,3,4,3,2,2,2,3,3,2,4
a542,1,3,3,1,2,1,2,2,2,3,3
a543,1,3,1,1,1,1,1,2,3,3,2
a544,2,3,3,1,1,2,3,2,1,1,2
a545,3,1,2,1,3,2,2,3,2,2,3
a546,1,1,2,1,1,1,2,2,1,2,3
a547,2,2,2,1,1,1,1,3,2,3,2
a548,3,2,2,1,2,2,2,2,1,3,4
a549,2,1,3,2,3,1,2,1,3,2,2
a550,1,2,4,1,3,1,1,3,2,2,2
a551,2,2,2,1,1,1,1,3,2,3,3
a552,3,1,1,3,2,2,3,3,1,2,3
a553,3,3,4,3,4,1,3,2,3,3,3
a554,1,3,3,1,2,1,2,2,2,3,3
a555,2,3,3,2,3,1,3,2,2,3,4
a556,3,3,4,3,4,2,3,3,3,3,4
a557,1,2,1,3,1,1,1,1,3,2,2
a558,3,2,3,3,1,2,3,1,2,2,3
a559,3,3,2,3,4,1,2,2,3,3,4
a560,3,2,4,1,2,1,3,2,2,2,3
a561,2,3,2,2,2,1,3,2,2,1,3
a562,2,1,2,3,2,2,2,3,3,2,4
a563,1,1,2,3,3,2,2,3,1,3,3
a564,2,2,3,1,1,2,2,2,1,3,3
a565,3,3,3,1,4,2,2,2,2,3,3
a566,1,1,2,2,1,2,1,2,2,2,3
a567,3,3,4,3,3,2,2,2,3,3,4
a568,2,1,1,3,1,1,3,3,3,1,2
a569,2,2,2,2,2,1,2,3,1,3,2
a570,1,1,2,2,1,2,1,2,2,2,2
a571,3,3,3,2,4,2,2,2,3,1,3
a572,1,3,3,2,2,1,2,3,2,1,3
a573,2,1,1,1,1,1,1,2,2,2,2
a574,1,1,2,2,1,2,1,2,2,2,2
a575,2,3,3,1,1,2,3,2,1,1,3
a576,2,3,3,2,3,1,3,2,2,3,3
a577,2,1,3,3,2,2,3,2,2,3,2
a578,1,3,1,3,2,2,1,2,1,3,2
a579,3,2,2,2,4,1,3,1,2,3,3
a580,1,3,3,1,2,1,2,2,2,3,3
a581,1,1,1,1,1,1,2,1,1,1,1
a582,2,3,3,2,2,2,3,2,3,3,3
a583,3,3,3,2,1,1,2,2,3,2,3
a584,2,2,4,3,2,2,2,1,3,1,3
a585,3,2,3,3,3,2,3,3,1,3,4
a586,3,2,1,3,3,1,1,3,3,2,3
a587,1,2,3,3,2,1,3,1,3,3,3
a588,1,2,1,1,4,1,1,1,2,1,2
a589,2,3,2,1,2,1,2,1,2,3,4
a590,2,3,4,3,2,2,2,3,3,2,3
a591,3,2,2,3,2,1,1,2,3,3,3
a592,2,3,3,2,2,2,1,3,2,3,4
a593,1,3,1,2,3,1,2,2,2,2,3
a594,2,1,3,3,2,2,3,2,2,3,4
a595,1,2,2,3,1,1,1,2,2,2,3
a596,2,3,3,2,4,1,3,2,3,1,3
a597,1,2,1,1,4,1,1,1,2,1,3
a598,2,1,3,2,3,1,2,1,3,2,3
a599,3,3,2,3,4,1,2,2,3,3,3
a600,3,3,2,3,4,2,2,3,2,3,4
a601,1,1,1,3,1,2,1,1,2,3,2
a602,1,3,3,2,4,1,1,3,3,3,4
a603,1,3,2,1,2,2,1,1,2,1,2
a604,3,1,1,3,3,2,2,2,3,3,4
a605,1,1,1,2,1,1,3,3,1,1,2
a606,1,3,3,2,2,2,2,1,3,1,3
a607,2,1,1,2,1,1,2,2,1,1,2
a608,1,1,1,3,1,2,1,1,2,3,1
a609,2,2,3,2,2,2,2,2,2,3,4
a610,3,2,3,1,1,1,1,2,3,1,3
a611,2,1,1,3,3,1,2,2,2,2,2
a612,3,1,1,3,2,2,3,3,1,2,2
a613,1,3,4,1,3,2,3,1,1,3,3
a614,1,1,1,1,1,1,2,1,1,1,1
a615,2,3,3,2,2,2,1,3,2,3,4
a616,2,2,2,1,1,1,1,3,2,3,2
a617,1,3,4,1,3,2,3,1,1,3,3
a618,1,2,2,3,1,1,1,2,2,2,4
a619,2,3,3,1,1,2,3,2,1,1,3
a620,3,3,3,1,4,2,2,2,2,3,3
a621,1,3,4,1,4,2,1,3,1,1,3
a622,2,3,2,2,2,1,3,3,1,2,2
a623,2,1,1,3,2,1,2,1,1,3,1
a624,3,2,1,2,3,2,1,3,1,1,2
a625,1,3,3,2,4,1,1,3,3,3,3
a626,2,3,2,1,2,1,2,1,2,3,4
a627,2,1,3,3,2,2,3,2,2,3,2
a628,2,2,1,1,3,1,1,3,1,1,2
a629,3,3,4,3,4,1,3,2,3,3,4
a630,1,2,1,2,1,1,1,3,1,1,1
a631,1,3,4,1,4,2,1,3,1,1,2
a632,1,2,2,2,2,1,3,1,2,1,2
a633,1,2,4,3,1,1,3,2,2,3,4
a634,2,2,3,2,2,2,2,2,2,3,3
a635,3,3,2,1,2,2,3,3,3,3,4
a636,2,1,1,1,2,1,1,1,1,3,2
a637,1,3,1,3,1,1,1,3,2,2,2
a638,3,3,3,1,4,2,2,2,2,3,3
a639,2,2,1,1,3,1,1,3,1,1,2
a640,2,3,2,1,2,2,2,2,2,3,2
a641,2,2,1,1,1,2,2,3,1,1,1
a642,2,1,2,1,4,1,2,1,2,3,2
a643,1,1,2,3,3,2,2,3,1,3,3
a644,2,2,3,2,4,2,2,2,2,1,3
a645,2,3,2,2,2,1,3,3,1,2,3
a646,1,2,1,2,1,1,1,3,1,1,2
a647,3,3,3,2,1,1,2,2,3,2,3
a648,2,1,2,1,4,1,2,1,2,3,3
a649,3,2,3,3,3,2,3,3,1,3,4
a650,1,3,2,1,2,2,1,1,2,1,3
a651,2,2,1,1,3,1,1,1,1,1,2
a652,1,2,1,2,1,1,1,3,1,1,1
a653,3,2,3,1,1,1,1,2,3,1,3
a654,2,3,3,2,2,2,1,3,2,3,3
a655,2,2,2,1,1,1,1,3,2,3,2
a656,2,3,2,3,3,2,1,1,2,1,2
a657,3,1,2,1,3,2,2,3,2,2,2
a658,1,3,1,2,3,1,2,2,2,2,2
a659,3,3,3,2,4,2,2,2,3,1,4
a660,2,3,2,3,3,2,1,1,2,1,1
a661,2,3,2,1,2,2,2,2,2,3,2
a662,3,2,1,1,2,1,2,2,1,3,2
a663,2,3,4,1,3,2,2,1,2,2,3
a664,2,2,2,1,1,1,1,3,2,3,3
a665,1,2,2,3,3,2,2,1,1,2,2
a666,3,2,1,3,3,1,1,3,3,2,2
a667,2,2,1,1,1,2,2,3,1,1,2
a668,1,3,3,1,4,2,1,1,2,3,1
a669,1,1,1,3,1,2,1,1,2,3,2
a670,2,2,2,1,3,2,2,2,3,3,3
a671,2,3,3,2,4,1,3,2,3,1,4
a672,3,2,3,1,1,1,1,2,3,1,3
a673,2,2,2,3,2,2,2,3,1,2,3
a674,3,2,1,1,2,1,2,2,1,3,2
a675,3,3,4,3,4,2,3,3,3,3,4
a676,2,2,2,1,3,2,2,2,3,3,4
a677,1,1,2,2,1,2,1,2,2,2,2
a678,3,3,4,1,4,2,3,3,3,2,4
a679,2,2,2,2,2,1,2,2,2,1,2
a680,2,2,1,1,1,2,2,3,1,1,2
a681,2,1,1,3,2,1,2,1,1,3,1
a682,3,1,2,1,3,2,2,3,2,2,4
a683,1,3,3,2,4,1,1,3,3,3,4
a684,2,1,1,3,1,1,3,3,3,1,2
a685,2,2,1,1,3,1,1,1,1,1,2
a686,3,3,2,2,2,1,2,2,2,1,2
a687,3,1,1,2,3,2,2,1,3,1,2
a688,2,2,3,1,1,2,2,2,1,3,3
a689,3,2,2,1,2,2,2,2,1,3,3
a690,2,2,3,2,4,2,2,2,2,1,4
a691,1,2,1,2,2,2,2,1,1,2,2
a692,1,2,3,3,2,1,3,1,3,3,4
a693,2,3,3,1,1,2,3,2,1,1,2
a694,3,2,1,3,3,1,1,3,3,2,2
a695,1,3,1,2,3,1,2,2,2,2,3
a696,3,1,1,2,3,2,2,1,3,1,3
a697,1,3,1,3,2,1,1,1,3,2,2
a698,1,3,3,2,2,2,2,1,3,1,3
a699,1,3,2,1,2,2,1,1,2,1,3
a700,1,3,3,1,4,2,1,1,2,3,4
a701,3,2,1,2,3,2,1,3,1,1,2
a702,2,2,4,3,2,2,2,1,3,1,3
a703,1,1,1,3,1,2,1,1,2,3,2
a704,2,3,4,1,3,2,2,1,2,2,3
a705,1,2,3,3,2,1,3,1,3,3,3
a706,1,3,3,2,2,1,2,3,2,1,2
a707,2,2,1,2,3,1,1,2,3,2,2
a708,3,3,2,3,4,1,2,2,3,3,3
a709,2,1,1,2,1,1,2,2,1,1,2
a710,2,2,1,2,3,1,2,2,2,1,3
a711,2,2,2,2,2,1,2,2,2,1,2
a712,2,2,1,1,3,1,1,1,1,1,2
a713,3,1,1,3,3,2,2,2,3,3,2
a714,2,3,1,3,4,1,2,1,2,3,4
a715,3,3,1,1,4,1,2,3,3,3,4
a716,1,3,1,3,1,1,1,3,2,2,2
a717,3,3,3,1,4,2,2,2,2,3,2
a718,1,3,3,2,2,2,2,1,3,1,3
a719,1,2,3,3,2,1,3,1,3,3,4
a720,2,3,3,2,2,2,3,2,3,3,3
a721,2,1,1,2,2,1,2,1,1,3,2
a722,3,3,1,1,4,1,2,3,3,3,4
a723,3,2,2,3,2,1,1,2,3,3,2
a724,1,1,1,2,1,1,3,3,1,1,2
a725,2,1,2,3,2,2,2,3,3,2,3
a726,2,3,2,3,3,2,1,1,2,1,2
a727,3,1,1,2,3,2,2,1,3,1,2
a728,1,3,4,1,4,2,1,3,1,1,3
a729,2,2,3,2,4,2,2,2,2,1,3
a730,2,3,2,2,2,1,3,2,2,1,3
a731,2,3,2,1,2,1,2,1,2,3,3
a732,3,3,4,3,3,2,2,2,3,3,4
a733,2,2,1,1,3,1,1,3,1,1,2
a734,2,3,2,1,2,2,2,2,2,3,3
a735,2,1,1,3,2,1,2,1,1,3,1
a736,2,2,1,2,3,1,2,2,2,1,2
a737,1,3,2,2,1,1,1,2,3,2,3
a738,3,1,1,2,3,2,2,1,3,1,3
a739,2,1,1,2,1,1,2,2,1,1,2
a740,1,2,4,1,3,1,1,3,2,2,3
a741,2,2,2,2,2,1,2,3,1,3,3
a742,2,3,2,2,2,1,3,3,1,2,3
a743,1,2,1,2,1,1,1,3,1,1,2
a744,1,2,2,1,1,2,1,2,1,2,2
a745,3,3,3,2,1,1,3,3,1,1,3
a746,1,2,2,3,1,1,1,2,2,2,3
a747,3,3,3,2,4,2,2,2,3,1,2
a748,1,1,2,1,1,1,2,2,1,2,2
a749,1,1,2,2,1,2,1,2,2,2,2
a750,3,2,2,1,1,2,3,1,1,3,2
a751,2,2,1,3,3,1,3,2,1,2,2
a752,2,2,1,1,1,2,2,3,1,1,2
a753,2,1,1,3,2,1,2,1,1,3,3
a754,1,3,1,3,1,1,1,3,2,2,3
a755,2,2,2,1,3,2,2,2,3,3,4
a756,3,2,1,3,3,1,1,3,3,2,2
a757,2,3,1,3,4,1,2,1,2,3,2
a758,3,2,2,1,1,2,3,1,1,3,3
a759,2,2,1,2,3,1,2,2,2,1,2
a760,1,3,4,1,4,2,1,3,1,1,3
a761,1,3,1,1,1,1,1,2,3,3,2
a762,1,3,1,1,1,1,1,2,3,3,2
a763,3,3,4,1,4,2,3,3,3,2,4
a764,1,1,1,1,1,1,2,1,1,1,1
a765,1,2,2,3,3,2,2,1,1,2,2
a766,3,1,2,1,3,2,2,3,2,2,2
a767,1,3,2,2,1,1,1,2,3,2,2
a768,1,2,1,1,1,1,1,1,1,1,2
a769,3,2,1,1,2,1,2,2,1,3,4
a770,2,3,4,2,4,2,2,2,1,2,2
a771,2,1,3,3,4,2,2,2,3,2,4
a772,2,3,4,1,3,2,2,1,2,2,3
a773,1,3,3,2,2,2,2,1,3,1,3
a774,2,3,3,2,4,1,3,2,3,1,4
a775,2,2,1,1,1,2,2,3,1,1,3
a776,2,3,3,2,4,1,3,2,3,1,3
a777,3,3,3,2,1,1,3,3,1,1,2
a778,2,2,1,2,3,1,1,2,3,2,3
a779,1,3,3,1,2,1,2,2,2,3,2
a780,1,1,2,2,1,2,1,2,2,2,2
a781,1,2,3,3,2,1,3,1,3,3,3
a782,2,1,3,3,2,2,3,2,2,3,4
a783,2,2,4,3,3,2,3,2,3,3,4
a784,1,1,1,1,1,1,2,1,1,1,2
a785,1,2,1,2,1,1,1,3,1,1,2
a786,2,1,1,1,2,1,1,1,1,3,2
a787,3,3,4,3,4,2,3,3,3,3,4
a788,3,3,2,3,4,1,2,2,3,3,4
a789,2,2,1,1,1,2,2,3,1,1,2
a790,2,3,3,1,1,2,1,3,2,2,3
a791,2,1,2,2,3,1,2,2,3,1,2
a792,1,1,1,2,1,1,3,3,1,1,2
a793,3,2,1,3,3,1,1,3,3,2,3
a794,1,3,3,1,2,1,2,2,2,3,3
a795,3,3,2,3,4,1,2,2,3,3,4
a796,3,1,1,1,3,1,2,1,2,3,2
a797,3,3,2,1,2,2,3,3,3,3,4
a798,3,3,2,3,4,1,2,2,3,3,3
a799,2,3,3,2,4,1,3,2,3,1,3
a800,2,1,3,3,2,2,3,2,2,3,3
a801,1,2,2,1,1,2,1,2,1,2,2
a802,1,2,2,3,3,2,2,1,1,2,3
a803,2,1,2,2,3,1,2,2,3,1,2
a804,1,2,2,3,1,1,1,2,2,2,3
a805,1,3,3,1,4,2,1,1,2,3,3
a806,2,1,2,2,3,1,2,2,3,1,2
a807,2,2,3,1,1,2,2,2,1,3,4
a808,1,3,4,1,3,2,3,1,1,3,3
a809,1,3,4,3,3,2,2,3,1,3,3
a810,3,3,4,1,4,2,3,3,3,2,4
a811,1,2,2,1,1,2,1,2,1,2,2
a812,2,1,1,1,2,1,1,1,2,1,3
a813,2,3,4,2,4,2,2,2,1,2,3
a814,2,1,1,1,2,1,1,1,1,3,1
a815,1,3,2,1,2,2,1,1,2,1,1
a816,2,2,1,1,1,2,2,3,1,1,2
a817,1,2,2,1,1,2,1,2,1,2,2
a818,1,2,4,1,3,1,1,3,2,2,3
a819,2,1,3,2,3,1,2,1,3,2,2
a820,2,1,3,2,3,1,2,1,3,2,2
a821,3,2,2,3,1,1,3,1,3,3,4
a822,3,2,2,3,1,1,3,1,3,3,4
a823,2,1,1,1,1,1,1,2,2,2,2
a824,2,1,1,1,1,1,1,2,2,2,2
a825,1,2,2,1,1,2,1,2,1,2,2
a826,2,3,2,2,2,1,3,2,2,1,4
a827,3,2,2,2,4,1,3,1,2,3,3
a828,2,3,3,2,3,1,3,2,2,3,4
a829,2,1,1,2,2,1,2,1,1,3,3
a830,1,2,2,3,3,2,2,1,1,2,3
a831,3,3,2,1,2,2,3,3,3,3,4
a832,2,2,4,3,3,2,3,2,3,3,4
a833,1,3,4,1,4,2,1,3,1,1,4
a834,2,2,1,3,2,2,1,3,1,1,3
a835,3,3,4,3,4,2,3,3,3,3,4
a836,1,3,2,1,2,2,1,1,2,1,3
a837,3,3,2,1,2,2,3,3,3,3,3
a838,2,3,3,2,4,1,3,2,3,1,4
a839,2,1,1,1,2,1,1,1,1,3,1
a840,2,1,3,3,4,2,2,2,3,2,4
a841,1,2,1,2,1,1,1,3,1,1,2
a842,3,3,2,2,2,1,2,2,2,1,3
a843,2,3,4,2,2,1,3,2,3,2,3
a844,1,1,1,2,1,1,3,3,1,1,2
a845,2,1,1,3,2,1,2,1,1,3,1
a846,2,3,3,2,4,1,3,2,3,1,3
a847,3,2,1,3,3,1,1,3,3,2,3
a848,2,2,2,3,2,2,2,3,1,2,2
a849,3,3,3,3,3,1,1,2,3,3,4
a850,1,2,2,3,1,1,1,2,2,2,3
a851,2,3,4,3,2,2,2,3,3,2,3
a852,2,1,3,2,3,1,2,1,3,2,3
a853,1,3,1,3,2,2,1,2,1,3,2
a854,2,1,3,3,4,2,2,2,3,2,4
a855,3,1,1,1,3,1,2,1,2,3,1
a856,1,2,1,2,1,1,1,3,1,1,2
a857,2,3,4,3,2,2,2,3,3,2,2
a858,1,1,2,3,3,2,2,3,1,3,4
a859,2,1,1,1,2,1,1,1,1,3,1
a860,1,3,3,1,4,2,1,1,2,3,3
a861,3,1,1,2,3,2,2,1,3,1,2
a862,1,1,2,2,1,2,1,2,2,2,2
a863,3,3,2,2,2,1,2,2,2,1,2
a864,3,3,2,1,2,2,3,3,3,3,4
a865,3,3,3,2,1,1,2,2,3,2,2
a866,3,1,1,2,3,2,2,1,3,1,3
a867,3,3,3,3,3,1,1,2,3,3,4
a868,3,1,1,3,3,2,2,2,3,3,2
a869,2,3,4,3,2,2,2,3,3,2,3
a870,3,2,1,1,2,1,2,2,1,3,3
a871,1,3,3,2,2,1,2,3,2,1,3
a872,1,2,2,3,1,1,1,2,2,2,2
a873,2,3,4,2,2,1,3,2,3,2,4
a874,2,2,1,3,3,1,3,2,1,2,3
a875,2,2,1,1,1,1,2,2,1,3,3
a876,3,2,2,3,1,1,3,1,3,3,3
a877,2,2,1,2,3,1,1,2,3,2,3
a878,2,3,4,3,2,2,2,3,3,2,2
a879,3,1,1,3,3,2,2,2,3,3,3
a880,3,3,2,3,4,1,2,2,3,3,4
a881,3,3,2,2,2,1,2,2,2,1,3
a882,1,2,4,1,3,1,1,3,2,2,3
a883,3,1,1,1,3,1,2,1,2,3,3
a884,3,3,2,3,4,1,2,2,3,3,4
a885,2,3,3,2,2,2,1,3,2,3,4
a886,2,3,2,2,2,1,3,3,1,2,2
a887,2,3,3,2,2,2,1,3,2,3,4
a888,2,1,2,3,2,2,2,3,3,2,3
a889,1,2,2,2,2,1,3,1,2,1,2
a890,1,2,2,3,3,2,2,1,1,2,3
a891,2,2,2,2,2,1,2,3,1,3,2
a892,1,3,3,2,2,1,2,3,2,1,3
a893,2,1,1,1,2,1,1,1,2,1,2
a894,2,2,4,3,3,2,3,2,3,3,4
a895,2,1,2,1,4,1,2,1,2,3,2
a896,2,3,2,2,2,1,3,2,2,1,4
a897,1,2,4,1,3,1,1,3,2,2,4
a898,3,3,4,1,4,2,3,3,3,2,3
a899,1,2,1,2,1,1,1,3,1,1,1
a900,3,1,2,1,3,2,2,3,2,2,3
a901,3,3,4,3,3,2,2,2,3,3,4
a902,2,3,4,2,2,1,3,2,3,2,3
a903,2,2,2,2,2,1,2,3,1,3,4
a904,2,2,2,2,2,1,2,3,1,3,3
a905,2,3,3,1,1,2,1,3,2,2,3
a906,2,1,1,2,1,1,2,2,1,1,2
a907,2,1,3,3,2,2,3,2,2,3,3
a908,2,2,1,3,3,1,3,2,1,2,3
a909,1,2,1,3,1,1,1,1,3,2,3
a910,3,2,3,1,1,1,1,2,3,1,3
a911,3,2,2,1,2,2,2,2,1,3,4
a912,2,1,2,1,4,1,2,1,2,3,3
a913,3,2,3,3,3,2,3,3,1,3,4
a914,2,2,2,1,1,1,1,3,2,3,2
a915,3,3,3,2,1,1,2,2,3,2,3
a916,1,2,3,3,2,1,3,1,3,3,4
a917,2,3,2,3,3,2,1,1,2,1,4
a918,2,1,3,3,2,2,3,2,2,3,4
a919,2,3,2,2,2,1,3,2,2,1,2
a920,3,1,1,3,3,2,2,2,3,3,3
a921,2,2,1,1,3,1,1,3,1,1,2
a922,1,3,3,1,4,2,1,1,2,3,2
a923,2,1,1,3,1,1,3,3,3,1,2
a924,1,2,4,1,3,1,1,3,2,2,3
a925,3,3,1,1,4,1,2,3,3,3,2
a926,1,2,2,2,2,1,3,1,2,1,2
a927,1,1,2,3,3,2,2,3,1,3,4
a928,1,1,2,1,1,1,2,2,1,2,3
a929,3,2,3,2,2,1,2,3,3,3,3
a930,2,2,4,2,2,2,2,2,3,3,4
a931,2,3,3,1,1,2,1,3,2,2,3
a932,2,3,3,2,2,2,3,2,3,3,3
a933,3,2,2,3,2,1,1,2,3,3,4
a934,3,3,3,2,1,1,2,2,3,2,3
a935,3,3,4,3,3,2,2,2,3,3,4
a936,2,1,1,1,1,1,1,2,2,2,3
a937,2,3,3,2,4,1,3,2,3,1,3
a938,1,2,1,3,1,1,1,1,3,2,2
a939,1,1,2,1,1,1,2,2,1,2,2
a940,2,2,1,2,3,1,2,2,2,1,2
a941,2,1,1,1,2,1,1,1,2,1,2
a942,3,2,2,3,2,1,1,2,3,3,2
a943,3,3,3,3,3,1,1,2,3,3,3
a944,1,1,2,1,1,1,2,2,1,2,3
a945,3,3,3,2,4,2,2,2,3,1,3
a946,2,2,3,1,1,2,2,2,1,3,2
a947,2,3,3,2,2,2,3,2,3,3,3
a948,3,3,2,3,4,2,2,3,2,3,4
a949,3,1,1,1,3,1,2,1,2,3,2
a950,2,2,1,1,3,1,1,3,1,1,2
a951,3,3,2,1,2,2,3,3,3,3,4
a952,3,3,2,3,4,2,2,3,2,3,4
a953,3,3,3,3,3,1,1,2,3,3,4
a954,3,2,3,2,2,1,2,3,3,3,2
a955,2,2,1,1,1,2,2,3,1,1,3
a956,3,3,4,3,4,2,3,3,3,3,4
a957,2,1,1,3,1,1,3,3,3,1,2
a958,1,3,3,1,4,2,1,1,2,3,3
a959,2,2,3,2,2,2,2,2,2,3,4
a960,1,1,1,2,1,1,3,3,1,1,2
a961,1,2,1,1,4,1,1,1,2,1,2
a962,1,3,1,1,1,1,1,2,3,3,2
a963,2,3,3,1,1,2,1,3,2,2,3
a964,2,2,1,1,1,2,2,3,1,1,2
a965,2,3,2,1,2,2,2,2,2,3,4
a966,3,2,2,3,2,1,1,2,3,3,3
a967,2,2,2,1,1,1,1,3,2,3,3
a968,3,2,4,1,2,1,3,2,2,2,2
a969,1,1,2,2,1,2,1,2,2,2,2
a970,2,2,2,2,2,1,2,2,2,1,2
a971,1,2,1,3,1,1,1,1,3,2,2
a972,2,1,2,1,4,1,2,1,2,3,2
a973,2,1,2,3,2,2,2,3,3,2,2
a974,1,3,4,1,4,2,1,3,1,1,3
a975,1,2,1,1,4,1,1,1,2,1,3
a976,2,2,4,2,2,2,2,2,3,3,4
a977,2,3,4,2,4,2,2,2,1,2,4
a978,2,3,2,2,2,1,3,3,1,2,3
a979,3,1,2,1,3,2,2,3,2,2,3
a980,1,3,1,3,2,1,1,1,3,2,2
a981,1,1,2,3,3,2,2,3,1,3,4
a982,1,3,1,3,2,1,1,1,3,2,2
a983,2,2,4,2,2,2,2,2,3,3,4
a984,1,3,4,1,3,2,3,1,1,3,4
a985,2,3,3,2,2,2,3,2,3,3,4
a986,2,1,2,2,3,1,2,2,3,1,2
a987,2,1,2,2,3,1,2,2,3,1,2
a988,1,3,4,1,4,2,1,3,1,1,3
a989,2,2,2,1,4,2,1,3,1,2,3
a990,1,2,3,3,2,1,3,1,3,3,4
a991,2,2,4,2,2,2,2,2,3,3,4
a992,3,3,3,2,1,1,3,3,1,1,3
a993,2,1,3,2,3,1,2,1,3,2,3
a994,1,3,3,2,2,2,2,1,3,1,3
a995,2,3,2,3,3,2,1,1,2,1,2
a996,3,2,1,3,3,1,1,3,3,2,2
a997,2,3,2,2,2,1,3,3,1,2,3
a998,1,2,1,3,1,1,1,1,3,2,3
a999,2,3,3,2,3,1,3,2,2,3,4
a1000,2,3,3,2,2,2,3,2,3,3,4
